Size,Style
Medium,Polo
Medium,Polo
Medium,Polo
Large,Button-down
Large,Button-down
Medium,Polo
Large,Beach
Large,Polo
Medium,Beach
Medium,Button-down
Large,Button-down
Medium,Polo
Medium,Button-down
Medium,Button-down
Small,Beach
Large,Polo
Medium,Button-down
Large,Beach
Large,Polo
Large,Button-down
Large,Button-down
Large,Beach
Large,Button-down
Large,Button-down
Medium,Button-down
Medium,Button-down
Large,Button-down
Large,Button-down
Large,Polo
Medium,Button-down
Small,Polo
Large,Button-down
Medium,Polo
Medium,Beach
Large,Polo
Medium,Button-down
Medium,Polo
Medium,Button-down
Large,Polo
Medium,Button-down
Large,Button-down
Medium,Button-down
Large,Button-down
Medium,Polo
Medium,Beach
Medium,Polo
Large,Button-down
Medium,Button-down
Large,Polo
Medium,Polo
Small,Button-down
Large,Button-down
Medium,Polo
Medium,Polo
Large,Beach
Small,Polo
Small,Polo
Small,Beach
Large,Button-down
Large,Polo
Large,Polo
Large,Button-down
Large,Beach
Large,Polo
Small,Beach
Large,Button-down
Large,Polo
Medium,Beach
Large,Button-down
Medium,Button-down
Small,Polo
Medium,Polo
Large,Button-down
Large,Beach
Medium,Button-down
Large,Button-down
Large,Button-down
Large,Button-down
Medium,Button-down
Small,Button-down
Small,Polo
Large,Polo
Medium,Polo
Large,Beach
Small,Polo
Large,Button-down
Large,Button-down
Medium,Button-down
Medium,Polo
Medium,Polo
Large,Button-down
Medium,Polo
Large,Button-down
Large,Button-down
Large,Button-down
Large,Button-down
Medium,Beach
Large,Button-down
Medium,Button-down
Large,Polo
Small,Button-down
Large,Button-down
Large,Polo
Large,Beach
Medium,Button-down
Medium,Beach
Large,Button-down
Medium,Polo
Medium,Button-down
Medium,Button-down
Medium,Beach
Medium,Polo
Small,Beach
Large,Button-down
Medium,Polo
Large,Button-down
Medium,Polo
Large,Button-down
Medium,Button-down
Large,Button-down
Large,Button-down
Large,Polo
Large,Button-down
Small,Button-down
Medium,Polo
Large,Button-down
Large,Polo
Medium,Button-down
Large,Button-down
Medium,Beach
Medium,Polo
Medium,Button-down
Large,Polo
Medium,Polo
Small,Polo
Medium,Button-down
Large,Button-down
Medium,Beach
Medium,Polo
Large,Button-down
Large,Button-down
Medium,Polo
Large,Beach
Medium,Button-down
Small,Beach
Medium,Polo
Small,Beach
Medium,Polo
Large,Beach
Large,Button-down
Small,Beach
Large,Polo
Small,Beach
Large,Button-down
Small,Beach
Small,Polo
Small,Beach
Medium,Button-down
Medium,Beach
Medium,Polo
Large,Button-down
Small,Beach
Small,Polo
Large,Button-down
Medium,Polo
Medium,Button-down
Small,Button-down
Medium,Polo
Medium,Button-down
Large,Polo
Large,Polo
Medium,Polo
Medium,Beach
Large,Button-down
Large,Polo
Small,Beach
Large,Polo
Medium,Beach
Medium,Polo
Medium,Button-down
Medium,Button-down
Large,Button-down
Small,Polo
Large,Polo
Medium,Button-down
Large,Button-down
Medium,Button-down
Large,Button-down
Medium,Beach
Medium,Beach
Small,Beach
Small,Button-down
Medium,Button-down
Medium,Button-down
Large,Polo
Large,Polo
Medium,Beach
Large,Button-down
Medium,Polo
Medium,Polo
Large,Polo
Large,Polo
Medium,Beach
Medium,Button-down
Medium,Button-down
Large,Beach
Medium,Polo
Medium,Polo
Small,Beach
Large,Button-down
Small,Polo
Large,Polo
Small,Button-down
Medium,Beach
Large,Beach
Large,Polo
Small,Polo
Medium,Button-down
Small,Beach
Small,Beach
Medium,Button-down
Large,Button-down
Small,Beach
Large,Button-down
Medium,Polo
Medium,Button-down
Small,Beach
Small,Beach
Large,Polo
Medium,Polo
Medium,Polo
Large,Polo
Large,Button-down
Large,Button-down
Large,Beach
Medium,Polo
Large,Button-down
Large,Polo
Medium,Button-down
Large,Polo
Small,Button-down
Medium,Polo
Large,Polo
Medium,Button-down
Small,Button-down
Large,Polo
Large,Beach
Small,Beach
Medium,Polo
Medium,Button-down
Medium,Polo
Medium,Beach
Small,Polo
Small,Polo
Medium,Polo
Large,Polo
Small,Button-down
Small,Button-down
Medium,Button-down
Medium,Polo
Small,Polo
Large,Button-down
Medium,Beach
Medium,Polo
Medium,Button-down
Large,Button-down
Medium,Polo
Small,Button-down
Medium,Polo
Large,Button-down
Medium,Polo
Large,Button-down
Large,Button-down
Large,Beach
Small,Polo
Large,Button-down
Large,Button-down
Medium,Button-down
Small,Beach
Medium,Button-down
Medium,Polo
Medium,Polo
Small,Beach
Large,Beach
Medium,Beach
Large,Polo
Large,Polo
Large,Polo
Medium,Button-down
Large,Polo
Small,Polo
Small,Beach
Small,Polo
Small,Button-down
Small,Polo
Medium,Polo
Large,Button-down
Medium,Polo
Medium,Beach
Medium,Beach
Small,Beach
Large,Polo
Small,Polo
Large,Button-down
Large,Beach
Medium,Polo
Small,Beach
Large,Button-down
Large,Polo
Large,Button-down
Medium,Polo
Small,Polo
Medium,Polo
Large,Button-down
Small,Button-down
Medium,Polo
Medium,Button-down
Large,Button-down
Large,Button-down
Large,Button-down
Large,Button-down
Medium,Polo
Small,Polo
Large,Button-down
Small,Button-down
Large,Button-down
Medium,Polo
Large,Button-down
Small,Polo
Large,Button-down
Medium,Button-down
Small,Button-down
Medium,Button-down
Medium,Beach
Medium,Polo
Large,Beach
Large,Button-down
Large,Beach
Large,Button-down
Large,Button-down
Small,Beach
Small,Polo
Medium,Polo
Large,Polo
Medium,Button-down
Medium,Polo
Large,Polo
Medium,Polo
Large,Beach
Medium,Button-down
Large,Polo
Large,Polo
Large,Button-down
Small,Button-down
Large,Button-down
Large,Beach
Medium,Button-down
Large,Button-down
Large,Button-down
Medium,Polo
Large,Polo
Medium,Beach
Medium,Button-down
Large,Button-down
Large,Button-down
Medium,Polo
Medium,Beach
Small,Beach
Medium,Polo
Small,Beach
Large,Button-down
Large,Polo
Medium,Button-down
Medium,Button-down
Medium,Button-down
Small,Beach
Large,Polo
Large,Polo
Medium,Beach
Large,Button-down
Medium,Beach
Medium,Button-down
Large,Button-down
Medium,Polo
Large,Polo
Medium,Polo
Small,Beach
Medium,Beach
Medium,Polo
Large,Polo
Large,Button-down
Medium,Button-down
Large,Polo
Medium,Polo
Medium,Polo
Large,Button-down
Large,Polo
Small,Beach
Large,Polo
Medium,Polo
Large,Button-down
Medium,Polo
Large,Polo
Medium,Polo
Small,Beach
Medium,Polo
Medium,Button-down
Large,Button-down
Large,Polo
Small,Polo
Large,Polo
Large,Button-down
Medium,Polo
Large,Button-down
Medium,Button-down
Large,Polo
Large,Polo
Large,Button-down
Large,Polo
Large,Button-down
Medium,Button-down
Medium,Polo
Medium,Button-down
Large,Button-down
Large,Button-down
Medium,Polo
Small,Beach
Small,Button-down
Small,Beach
Medium,Polo
Small,Polo
Small,Beach
Large,Polo
Small,Beach
Medium,Button-down
Medium,Polo
Large,Polo
Large,Button-down
Small,Polo
Medium,Button-down
Large,Beach
Large,Button-down
Large,Polo
Large,Polo
Large,Button-down
Medium,Polo
